Column,Source_System,API_URL,Spatial_Res,Temporal_Res,Update_Frequency
FOD_ID,FPA-FOD v6 (Administrative/Temporal),https://www.fs.usda.gov/rds/archive/catalog/RDS-2013-0009,Point record,Event-based,Event-based
FPA_ID,FPA-FOD v6 (Administrative/Temporal),https://www.fs.usda.gov/rds/archive/catalog/RDS-2013-0009,Point record,Event-based,Event-based
SOURCE_SYSTEM_TYPE,FPA-FOD v6 (Administrative/Temporal),https://www.fs.usda.gov/rds/archive/catalog/RDS-2013-0009,Point record,Event-based,Event-based
SOURCE_SYSTEM,FPA-FOD v6 (Administrative/Temporal),https://www.fs.usda.gov/rds/archive/catalog/RDS-2013-0009,Point record,Event-based,Event-based
NWCG_REPORTING_AGENCY,FPA-FOD v6 (Administrative/Temporal),https://www.fs.usda.gov/rds/archive/catalog/RDS-2013-0009,Point record,Event-based,Event-based
NWCG_REPORTING_UNIT_ID,FPA-FOD v6 (Administrative/Temporal),https://www.fs.usda.gov/rds/archive/catalog/RDS-2013-0009,Point record,Event-based,Event-based
NWCG_REPORTING_UNIT_NAME,FPA-FOD v6 (Administrative/Temporal),https://www.fs.usda.gov/rds/archive/catalog/RDS-2013-0009,Point record,Event-based,Event-based
SOURCE_REPORTING_UNIT,UNKNOWN,UNKNOWN — requires manual investigation,UNKNOWN,UNKNOWN,UNKNOWN
SOURCE_REPORTING_UNIT_NAME,UNKNOWN,UNKNOWN — requires manual investigation,UNKNOWN,UNKNOWN,UNKNOWN
LOCAL_FIRE_REPORT_ID,NLDAS / TerraClimate (Water Budget),https://ldas.gsfc.nasa.gov/nldas/,4 km / 0.125°,Monthly,Monthly
LOCAL_INCIDENT_ID,NLDAS / TerraClimate (Water Budget),https://ldas.gsfc.nasa.gov/nldas/,4 km / 0.125°,Monthly,Monthly
FIRE_CODE,UNKNOWN,UNKNOWN — requires manual investigation,UNKNOWN,UNKNOWN,UNKNOWN
FIRE_NAME,UNKNOWN,UNKNOWN — requires manual investigation,UNKNOWN,UNKNOWN,UNKNOWN
ICS_209_PLUS_INCIDENT_JOIN_ID,FPA-FOD v6 (Post-fire outcome — LEAKAGE),N/A — post-fire only,N/A,Post-fire,Event-based
ICS_209_PLUS_COMPLEX_JOIN_ID,FPA-FOD v6 (Post-fire outcome — LEAKAGE),N/A — post-fire only,N/A,Post-fire,Event-based
MTBS_ID,FPA-FOD v6 (Post-fire outcome — LEAKAGE),N/A — post-fire only,N/A,Post-fire,Event-based
MTBS_FIRE_NAME,FPA-FOD v6 (Post-fire outcome — LEAKAGE),N/A — post-fire only,N/A,Post-fire,Event-based
COMPLEX_NAME,FPA-FOD v6 (Post-fire outcome — LEAKAGE),N/A — post-fire only,N/A,Post-fire,Event-based
FIRE_YEAR,FPA-FOD v6 (Administrative/Temporal),https://www.fs.usda.gov/rds/archive/catalog/RDS-2013-0009,Point record,Event-based,Event-based
DISCOVERY_DATE,FPA-FOD v6 (Administrative/Temporal),https://www.fs.usda.gov/rds/archive/catalog/RDS-2013-0009,Point record,Event-based,Event-based
DISCOVERY_DOY,FPA-FOD v6 (Administrative/Temporal),https://www.fs.usda.gov/rds/archive/catalog/RDS-2013-0009,Point record,Event-based,Event-based
DISCOVERY_TIME,FPA-FOD v6 (Administrative/Temporal),https://www.fs.usda.gov/rds/archive/catalog/RDS-2013-0009,Point record,Event-based,Event-based
NWCG_CAUSE_CLASSIFICATION,FPA-FOD v6 (Administrative/Temporal),https://www.fs.usda.gov/rds/archive/catalog/RDS-2013-0009,Point record,Event-based,Event-based
NWCG_GENERAL_CAUSE,NLDAS / TerraClimate (Water Budget),https://ldas.gsfc.nasa.gov/nldas/,4 km / 0.125°,Monthly,Monthly
NWCG_CAUSE_AGE_CATEGORY,FPA-FOD v6 (Administrative/Temporal),https://www.fs.usda.gov/rds/archive/catalog/RDS-2013-0009,Point record,Event-based,Event-based
CONT_DATE,FPA-FOD v6 (Post-fire outcome — LEAKAGE),N/A — post-fire only,N/A,Post-fire,Event-based
CONT_DOY,FPA-FOD v6 (Post-fire outcome — LEAKAGE),N/A — post-fire only,N/A,Post-fire,Event-based
CONT_TIME,FPA-FOD v6 (Post-fire outcome — LEAKAGE),N/A — post-fire only,N/A,Post-fire,Event-based
FIRE_SIZE,FPA-FOD v6 (Post-fire outcome — LEAKAGE),N/A — post-fire only,N/A,Post-fire,Event-based
FIRE_SIZE_CLASS,FPA-FOD v6 (Post-fire outcome — LEAKAGE),N/A — post-fire only,N/A,Post-fire,Event-based
LATITUDE,FPA-FOD v6 (Administrative/Temporal),https://www.fs.usda.gov/rds/archive/catalog/RDS-2013-0009,Point record,Event-based,Event-based
LONGITUDE,FPA-FOD v6 (Administrative/Temporal),https://www.fs.usda.gov/rds/archive/catalog/RDS-2013-0009,Point record,Event-based,Event-based
OWNER_DESCR,FPA-FOD v6 (Administrative/Temporal),https://www.fs.usda.gov/rds/archive/catalog/RDS-2013-0009,Point record,Event-based,Event-based
STATE,UNKNOWN,UNKNOWN — requires manual investigation,UNKNOWN,UNKNOWN,UNKNOWN
COUNTY,FPA-FOD v6 (Administrative/Temporal),https://www.fs.usda.gov/rds/archive/catalog/RDS-2013-0009,Point record,Event-based,Event-based
FIPS_CODE,FPA-FOD v6 (Administrative/Temporal),https://www.fs.usda.gov/rds/archive/catalog/RDS-2013-0009,Point record,Event-based,Event-based
FIPS_NAME,FPA-FOD v6 (Administrative/Temporal),https://www.fs.usda.gov/rds/archive/catalog/RDS-2013-0009,Point record,Event-based,Event-based
LatLong_State,FPA-FOD v6 (Administrative/Temporal),https://www.fs.usda.gov/rds/archive/catalog/RDS-2013-0009,Point record,Event-based,Event-based
LatLong_County,FPA-FOD v6 (Administrative/Temporal),https://www.fs.usda.gov/rds/archive/catalog/RDS-2013-0009,Point record,Event-based,Event-based
NPL,UNKNOWN,UNKNOWN — requires manual investigation,UNKNOWN,UNKNOWN,UNKNOWN
Mang_Type,UNKNOWN,UNKNOWN — requires manual investigation,UNKNOWN,UNKNOWN,UNKNOWN
Mang_Name,UNKNOWN,UNKNOWN — requires manual investigation,UNKNOWN,UNKNOWN,UNKNOWN
Des_Tp,UNKNOWN,UNKNOWN — requires manual investigation,UNKNOWN,UNKNOWN,UNKNOWN
GAP_Sts,UNKNOWN,UNKNOWN — requires manual investigation,UNKNOWN,UNKNOWN,UNKNOWN
GAP_Prity,UNKNOWN,UNKNOWN — requires manual investigation,UNKNOWN,UNKNOWN,UNKNOWN
EVH,LANDFIRE,https://www.landfire.gov/viewer/,30 m → 1 km aggregate in FPA-FOD,~2-year release cycle,~2 years
EVT,LANDFIRE,https://www.landfire.gov/viewer/,30 m → 1 km aggregate in FPA-FOD,~2-year release cycle,~2 years
EVH_1km,LANDFIRE,https://www.landfire.gov/viewer/,30 m → 1 km aggregate in FPA-FOD,~2-year release cycle,~2 years
EVT_1km,LANDFIRE,https://www.landfire.gov/viewer/,30 m → 1 km aggregate in FPA-FOD,~2-year release cycle,~2 years
EVC,LANDFIRE,https://www.landfire.gov/viewer/,30 m → 1 km aggregate in FPA-FOD,~2-year release cycle,~2 years
EVC_1km,LANDFIRE,https://www.landfire.gov/viewer/,30 m → 1 km aggregate in FPA-FOD,~2-year release cycle,~2 years
NAME,UNKNOWN,UNKNOWN — requires manual investigation,UNKNOWN,UNKNOWN,UNKNOWN
MOD_NDVI_12m,MODIS MOD13A1 (Terra),https://appeears.earthdatacloud.nasa.gov/,500 m,16-day composite,16-day
MOD_EVI_12m,MODIS MOD13A1 (Terra),https://appeears.earthdatacloud.nasa.gov/,500 m,16-day composite,16-day
Land_Cover,LANDFIRE,https://www.landfire.gov/viewer/,30 m → 1 km aggregate in FPA-FOD,~2-year release cycle,~2 years
Land_Cover_1km,LANDFIRE,https://www.landfire.gov/viewer/,30 m → 1 km aggregate in FPA-FOD,~2-year release cycle,~2 years
rpms,UNKNOWN,UNKNOWN — requires manual investigation,UNKNOWN,UNKNOWN,UNKNOWN
rpms_1km,UNKNOWN,UNKNOWN — requires manual investigation,UNKNOWN,UNKNOWN,UNKNOWN
Population,US Census ACS / LandScan,https://www.census.gov/data/developers/data-sets/acs-5year.html,Census tract / 1 km grid,Static (ACS 5-year),5 years
Popo_1km,US Census ACS / LandScan,https://www.census.gov/data/developers/data-sets/acs-5year.html,Census tract / 1 km grid,Static (ACS 5-year),5 years
GACCAbbrev,EPA Level-3 Ecoregions / NIFC GACC,https://www.epa.gov/eco-research/ecoregions,Vector polygon,Static,Static
GACC_PL,EPA Level-3 Ecoregions / NIFC GACC,https://www.epa.gov/eco-research/ecoregions,Vector polygon,Static,Static
GACC_New fire,EPA Level-3 Ecoregions / NIFC GACC,https://www.epa.gov/eco-research/ecoregions,Vector polygon,Static,Static
GACC_New LF,EPA Level-3 Ecoregions / NIFC GACC,https://www.epa.gov/eco-research/ecoregions,Vector polygon,Static,Static
GACC_Uncont LF,EPA Level-3 Ecoregions / NIFC GACC,https://www.epa.gov/eco-research/ecoregions,Vector polygon,Static,Static
GACC_Type 1 IMTs,EPA Level-3 Ecoregions / NIFC GACC,https://www.epa.gov/eco-research/ecoregions,Vector polygon,Static,Static
GACC_Type 2 IMTs,EPA Level-3 Ecoregions / NIFC GACC,https://www.epa.gov/eco-research/ecoregions,Vector polygon,Static,Static
GACC_NIMO Teams,EPA Level-3 Ecoregions / NIFC GACC,https://www.epa.gov/eco-research/ecoregions,Vector polygon,Static,Static
GACC_Area Command Teams,EPA Level-3 Ecoregions / NIFC GACC,https://www.epa.gov/eco-research/ecoregions,Vector polygon,Static,Static
GACC_Fire Use Teams,EPA Level-3 Ecoregions / NIFC GACC,https://www.epa.gov/eco-research/ecoregions,Vector polygon,Static,Static
GDP,UNKNOWN,UNKNOWN — requires manual investigation,UNKNOWN,UNKNOWN,UNKNOWN
pr_Normal,GridMET,https://www.climatologylab.org/wget-gridmet.html,4 km,Daily,Daily
tmmn_Normal,GridMET,https://www.climatologylab.org/wget-gridmet.html,4 km,Daily,Daily
tmmx_Normal,GridMET,https://www.climatologylab.org/wget-gridmet.html,4 km,Daily,Daily
rmin_Normal,GridMET,https://www.climatologylab.org/wget-gridmet.html,4 km,Daily,Daily
rmax_Normal,GridMET,https://www.climatologylab.org/wget-gridmet.html,4 km,Daily,Daily
sph_Normal,GridMET,https://www.climatologylab.org/wget-gridmet.html,4 km,Daily,Daily
srad_Normal,UNKNOWN,UNKNOWN — requires manual investigation,UNKNOWN,UNKNOWN,UNKNOWN
fm100_Normal,GridMET,https://www.climatologylab.org/wget-gridmet.html,4 km,Daily,Daily
fm1000_Normal,GridMET,https://www.climatologylab.org/wget-gridmet.html,4 km,Daily,Daily
bi_Normal,GridMET,https://www.climatologylab.org/wget-gridmet.html,4 km,Daily,Daily
vpd_Normal,GridMET,https://www.climatologylab.org/wget-gridmet.html,4 km,Daily,Daily
erc_Normal,GridMET,https://www.climatologylab.org/wget-gridmet.html,4 km,Daily,Daily
DF_PFS,CDC Social Vulnerability Index (SVI),https://www.atsdr.cdc.gov/placeandhealth/svi/data_documentation_download.html,Census tract,Static (ACS 5-year),5 years
AF_PFS,CDC Social Vulnerability Index (SVI),https://www.atsdr.cdc.gov/placeandhealth/svi/data_documentation_download.html,Census tract,Static (ACS 5-year),5 years
HDF_PFS,CDC Social Vulnerability Index (SVI),https://www.atsdr.cdc.gov/placeandhealth/svi/data_documentation_download.html,Census tract,Static (ACS 5-year),5 years
DSF_PFS,CDC Social Vulnerability Index (SVI),https://www.atsdr.cdc.gov/placeandhealth/svi/data_documentation_download.html,Census tract,Static (ACS 5-year),5 years
EBF_PFS,CDC Social Vulnerability Index (SVI),https://www.atsdr.cdc.gov/placeandhealth/svi/data_documentation_download.html,Census tract,Static (ACS 5-year),5 years
EALR_PFS,UNKNOWN,UNKNOWN — requires manual investigation,UNKNOWN,UNKNOWN,UNKNOWN
EBLR_PFS,UNKNOWN,UNKNOWN — requires manual investigation,UNKNOWN,UNKNOWN,UNKNOWN
EPLR_PFS,UNKNOWN,UNKNOWN — requires manual investigation,UNKNOWN,UNKNOWN,UNKNOWN
HBF_PFS,CDC Social Vulnerability Index (SVI),https://www.atsdr.cdc.gov/placeandhealth/svi/data_documentation_download.html,Census tract,Static (ACS 5-year),5 years
LLEF_PFS,CDC Social Vulnerability Index (SVI),https://www.atsdr.cdc.gov/placeandhealth/svi/data_documentation_download.html,Census tract,Static (ACS 5-year),5 years
LIF_PFS,CDC Social Vulnerability Index (SVI),https://www.atsdr.cdc.gov/placeandhealth/svi/data_documentation_download.html,Census tract,Static (ACS 5-year),5 years
LMI_PFS,UNKNOWN,UNKNOWN — requires manual investigation,UNKNOWN,UNKNOWN,UNKNOWN
MHVF_PFS,CDC Social Vulnerability Index (SVI),https://www.atsdr.cdc.gov/placeandhealth/svi/data_documentation_download.html,Census tract,Static (ACS 5-year),5 years
PM25F_PFS,CDC Social Vulnerability Index (SVI),https://www.atsdr.cdc.gov/placeandhealth/svi/data_documentation_download.html,Census tract,Static (ACS 5-year),5 years
HSEF,UNKNOWN,UNKNOWN — requires manual investigation,UNKNOWN,UNKNOWN,UNKNOWN
P100_PFS,UNKNOWN,UNKNOWN — requires manual investigation,UNKNOWN,UNKNOWN,UNKNOWN
P200_PFS,UNKNOWN,UNKNOWN — requires manual investigation,UNKNOWN,UNKNOWN,UNKNOWN
LPF_PFS,CDC Social Vulnerability Index (SVI),https://www.atsdr.cdc.gov/placeandhealth/svi/data_documentation_download.html,Census tract,Static (ACS 5-year),5 years
NPL_PFS,UNKNOWN,UNKNOWN — requires manual investigation,UNKNOWN,UNKNOWN,UNKNOWN
RMP_PFS,UNKNOWN,UNKNOWN — requires manual investigation,UNKNOWN,UNKNOWN,UNKNOWN
TSDF_PFS,CDC Social Vulnerability Index (SVI),https://www.atsdr.cdc.gov/placeandhealth/svi/data_documentation_download.html,Census tract,Static (ACS 5-year),5 years
TPF,UNKNOWN,UNKNOWN — requires manual investigation,UNKNOWN,UNKNOWN,UNKNOWN
TF_PFS,CDC Social Vulnerability Index (SVI),https://www.atsdr.cdc.gov/placeandhealth/svi/data_documentation_download.html,Census tract,Static (ACS 5-year),5 years
UF_PFS,CDC Social Vulnerability Index (SVI),https://www.atsdr.cdc.gov/placeandhealth/svi/data_documentation_download.html,Census tract,Static (ACS 5-year),5 years
WF_PFS,CDC Social Vulnerability Index (SVI),https://www.atsdr.cdc.gov/placeandhealth/svi/data_documentation_download.html,Census tract,Static (ACS 5-year),5 years
M_WTR,NLDAS / TerraClimate (Water Budget),https://ldas.gsfc.nasa.gov/nldas/,4 km / 0.125°,Monthly,Monthly
M_WKFC,NLDAS / TerraClimate (Water Budget),https://ldas.gsfc.nasa.gov/nldas/,4 km / 0.125°,Monthly,Monthly
M_CLT,UNKNOWN,UNKNOWN — requires manual investigation,UNKNOWN,UNKNOWN,UNKNOWN
M_ENY,UNKNOWN,UNKNOWN — requires manual investigation,UNKNOWN,UNKNOWN,UNKNOWN
M_TRN,UNKNOWN,UNKNOWN — requires manual investigation,UNKNOWN,UNKNOWN,UNKNOWN
M_HSG,UNKNOWN,UNKNOWN — requires manual investigation,UNKNOWN,UNKNOWN,UNKNOWN
M_PLN,UNKNOWN,UNKNOWN — requires manual investigation,UNKNOWN,UNKNOWN,UNKNOWN
M_HLTH,UNKNOWN,UNKNOWN — requires manual investigation,UNKNOWN,UNKNOWN,UNKNOWN
SM_C,NLDAS / TerraClimate (Water Budget),https://ldas.gsfc.nasa.gov/nldas/,4 km / 0.125°,Monthly,Monthly
SM_PFS,NLDAS / TerraClimate (Water Budget),https://ldas.gsfc.nasa.gov/nldas/,4 km / 0.125°,Monthly,Monthly
EPLRLI,UNKNOWN,UNKNOWN — requires manual investigation,UNKNOWN,UNKNOWN,UNKNOWN
EALRLI,UNKNOWN,UNKNOWN — requires manual investigation,UNKNOWN,UNKNOWN,UNKNOWN
EBLRLI,UNKNOWN,UNKNOWN — requires manual investigation,UNKNOWN,UNKNOWN,UNKNOWN
PM25LI,UNKNOWN,UNKNOWN — requires manual investigation,UNKNOWN,UNKNOWN,UNKNOWN
EBLI,UNKNOWN,UNKNOWN — requires manual investigation,UNKNOWN,UNKNOWN,UNKNOWN
DPMLI,UNKNOWN,UNKNOWN — requires manual investigation,UNKNOWN,UNKNOWN,UNKNOWN
TPLI,UNKNOWN,UNKNOWN — requires manual investigation,UNKNOWN,UNKNOWN,UNKNOWN
LPMHVLI,UNKNOWN,UNKNOWN — requires manual investigation,UNKNOWN,UNKNOWN,UNKNOWN
HBLI,UNKNOWN,UNKNOWN — requires manual investigation,UNKNOWN,UNKNOWN,UNKNOWN
RMPLI,UNKNOWN,UNKNOWN — requires manual investigation,UNKNOWN,UNKNOWN,UNKNOWN
SFLI,UNKNOWN,UNKNOWN — requires manual investigation,UNKNOWN,UNKNOWN,UNKNOWN
HWLI,EPA EJScreen,https://www.epa.gov/ejscreen/download-ejscreen-data,Census block group,Static,Annual
WDLI,NLDAS / TerraClimate (Water Budget),https://ldas.gsfc.nasa.gov/nldas/,4 km / 0.125°,Monthly,Monthly
DLI,UNKNOWN,UNKNOWN — requires manual investigation,UNKNOWN,UNKNOWN,UNKNOWN
ALI,UNKNOWN,UNKNOWN — requires manual investigation,UNKNOWN,UNKNOWN,UNKNOWN
HDLI,UNKNOWN,UNKNOWN — requires manual investigation,UNKNOWN,UNKNOWN,UNKNOWN
LLELI,UNKNOWN,UNKNOWN — requires manual investigation,UNKNOWN,UNKNOWN,UNKNOWN
LILHSE,EPA EJScreen,https://www.epa.gov/ejscreen/download-ejscreen-data,Census block group,Static,Annual
PLHSE,UNKNOWN,UNKNOWN — requires manual investigation,UNKNOWN,UNKNOWN,UNKNOWN
LMILHSE,UNKNOWN,UNKNOWN — requires manual investigation,UNKNOWN,UNKNOWN,UNKNOWN
ULHSE,UNKNOWN,UNKNOWN — requires manual investigation,UNKNOWN,UNKNOWN,UNKNOWN
EPL_ET,CDC Social Vulnerability Index (SVI),https://www.atsdr.cdc.gov/placeandhealth/svi/data_documentation_download.html,Census tract,Static (ACS 5-year),5 years
EAL_ET,UNKNOWN,UNKNOWN — requires manual investigation,UNKNOWN,UNKNOWN,UNKNOWN
EBL_ET,UNKNOWN,UNKNOWN — requires manual investigation,UNKNOWN,UNKNOWN,UNKNOWN
EB_ET,UNKNOWN,UNKNOWN — requires manual investigation,UNKNOWN,UNKNOWN,UNKNOWN
PM25_ET,UNKNOWN,UNKNOWN — requires manual investigation,UNKNOWN,UNKNOWN,UNKNOWN
DS_ET,UNKNOWN,UNKNOWN — requires manual investigation,UNKNOWN,UNKNOWN,UNKNOWN
TP_ET,UNKNOWN,UNKNOWN — requires manual investigation,UNKNOWN,UNKNOWN,UNKNOWN
LPP_ET,UNKNOWN,UNKNOWN — requires manual investigation,UNKNOWN,UNKNOWN,UNKNOWN
HB_ET,UNKNOWN,UNKNOWN — requires manual investigation,UNKNOWN,UNKNOWN,UNKNOWN
RMP_ET,UNKNOWN,UNKNOWN — requires manual investigation,UNKNOWN,UNKNOWN,UNKNOWN
NPL_ET,UNKNOWN,UNKNOWN — requires manual investigation,UNKNOWN,UNKNOWN,UNKNOWN
TSDF_ET,EPA EJScreen,https://www.epa.gov/ejscreen/download-ejscreen-data,Census block group,Static,Annual
WD_ET,NLDAS / TerraClimate (Water Budget),https://ldas.gsfc.nasa.gov/nldas/,4 km / 0.125°,Monthly,Monthly
DB_ET,UNKNOWN,UNKNOWN — requires manual investigation,UNKNOWN,UNKNOWN,UNKNOWN
A_ET,UNKNOWN,UNKNOWN — requires manual investigation,UNKNOWN,UNKNOWN,UNKNOWN
HD_ET,UNKNOWN,UNKNOWN — requires manual investigation,UNKNOWN,UNKNOWN,UNKNOWN
LLE_ET,UNKNOWN,UNKNOWN — requires manual investigation,UNKNOWN,UNKNOWN,UNKNOWN
UN_ET,UNKNOWN,UNKNOWN — requires manual investigation,UNKNOWN,UNKNOWN,UNKNOWN
LISO_ET,EPA EJScreen,https://www.epa.gov/ejscreen/download-ejscreen-data,Census block group,Static,Annual
POV_ET,UNKNOWN,UNKNOWN — requires manual investigation,UNKNOWN,UNKNOWN,UNKNOWN
LMI_ET,UNKNOWN,UNKNOWN — requires manual investigation,UNKNOWN,UNKNOWN,UNKNOWN
IA_LMI_ET,EPA EJScreen,https://www.epa.gov/ejscreen/download-ejscreen-data,Census block group,Static,Annual
IA_UN_ET,EPA EJScreen,https://www.epa.gov/ejscreen/download-ejscreen-data,Census block group,Static,Annual
IA_POV_ET,EPA EJScreen,https://www.epa.gov/ejscreen/download-ejscreen-data,Census block group,Static,Annual
TC,NLDAS / TerraClimate (Water Budget),https://ldas.gsfc.nasa.gov/nldas/,4 km / 0.125°,Monthly,Monthly
CC,NLDAS / TerraClimate (Water Budget),https://ldas.gsfc.nasa.gov/nldas/,4 km / 0.125°,Monthly,Monthly
IAULHSE,EPA EJScreen,https://www.epa.gov/ejscreen/download-ejscreen-data,Census block group,Static,Annual
IAPLHSE,EPA EJScreen,https://www.epa.gov/ejscreen/download-ejscreen-data,Census block group,Static,Annual
IALMILHSE,EPA EJScreen,https://www.epa.gov/ejscreen/download-ejscreen-data,Census block group,Static,Annual
IALMIL_87,EPA EJScreen,https://www.epa.gov/ejscreen/download-ejscreen-data,Census block group,Static,Annual
IAPLHS_88,EPA EJScreen,https://www.epa.gov/ejscreen/download-ejscreen-data,Census block group,Static,Annual
IAULHS_89,EPA EJScreen,https://www.epa.gov/ejscreen/download-ejscreen-data,Census block group,Static,Annual
LHE,NLDAS / TerraClimate (Water Budget),https://ldas.gsfc.nasa.gov/nldas/,4 km / 0.125°,Monthly,Monthly
IALHE,EPA EJScreen,https://www.epa.gov/ejscreen/download-ejscreen-data,Census block group,Static,Annual
IAHSEF,EPA EJScreen,https://www.epa.gov/ejscreen/download-ejscreen-data,Census block group,Static,Annual
CA,NLDAS / TerraClimate (Water Budget),https://ldas.gsfc.nasa.gov/nldas/,4 km / 0.125°,Monthly,Monthly
NCA,NLDAS / TerraClimate (Water Budget),https://ldas.gsfc.nasa.gov/nldas/,4 km / 0.125°,Monthly,Monthly
CA_LT20,NLDAS / TerraClimate (Water Budget),https://ldas.gsfc.nasa.gov/nldas/,4 km / 0.125°,Monthly,Monthly
M_CLT_EOMI,UNKNOWN,UNKNOWN — requires manual investigation,UNKNOWN,UNKNOWN,UNKNOWN
M_ENY_EOMI,UNKNOWN,UNKNOWN — requires manual investigation,UNKNOWN,UNKNOWN,UNKNOWN
M_TRN_EOMI,UNKNOWN,UNKNOWN — requires manual investigation,UNKNOWN,UNKNOWN,UNKNOWN
M_HSG_EOMI,UNKNOWN,UNKNOWN — requires manual investigation,UNKNOWN,UNKNOWN,UNKNOWN
M_PLN_EOMI,UNKNOWN,UNKNOWN — requires manual investigation,UNKNOWN,UNKNOWN,UNKNOWN
M_WTR_EOMI,NLDAS / TerraClimate (Water Budget),https://ldas.gsfc.nasa.gov/nldas/,4 km / 0.125°,Monthly,Monthly
M_HLTH_102,UNKNOWN,UNKNOWN — requires manual investigation,UNKNOWN,UNKNOWN,UNKNOWN
M_WKFC_103,NLDAS / TerraClimate (Water Budget),https://ldas.gsfc.nasa.gov/nldas/,4 km / 0.125°,Monthly,Monthly
FPL200S,UNKNOWN,UNKNOWN — requires manual investigation,UNKNOWN,UNKNOWN,UNKNOWN
M_WKFC_105,NLDAS / TerraClimate (Water Budget),https://ldas.gsfc.nasa.gov/nldas/,4 km / 0.125°,Monthly,Monthly
M_EBSI,UNKNOWN,UNKNOWN — requires manual investigation,UNKNOWN,UNKNOWN,UNKNOWN
UI_EXP,EPA EJScreen,https://www.epa.gov/ejscreen/download-ejscreen-data,Census block group,Static,Annual
THRHLD,EPA EJScreen,https://www.epa.gov/ejscreen/download-ejscreen-data,Census block group,Static,Annual
No_FireStation_1.0km,HSIP / TIGER Fire Stations,https://geoplatform.gov/metadata/,Point (count within radius),Static,Annual
No_FireStation_5.0km,HSIP / TIGER Fire Stations,https://geoplatform.gov/metadata/,Point (count within radius),Static,Annual
No_FireStation_10.0km,HSIP / TIGER Fire Stations,https://geoplatform.gov/metadata/,Point (count within radius),Static,Annual
No_FireStation_20.0km,HSIP / TIGER Fire Stations,https://geoplatform.gov/metadata/,Point (count within radius),Static,Annual
FRG_1km,LANDFIRE,https://www.landfire.gov/viewer/,30 m → 1 km aggregate in FPA-FOD,~2-year release cycle,~2 years
FRG,LANDFIRE,https://www.landfire.gov/viewer/,30 m → 1 km aggregate in FPA-FOD,~2-year release cycle,~2 years
TRI_1km,USGS 3DEP / SRTM,https://elevation.nationalmap.gov/arcgis/rest/services/,30 m → 1 km aggregate,Static,Static
TRI,USGS 3DEP / SRTM,https://elevation.nationalmap.gov/arcgis/rest/services/,30 m → 1 km aggregate,Static,Static
Aspect_1km,USGS 3DEP / SRTM,https://elevation.nationalmap.gov/arcgis/rest/services/,30 m → 1 km aggregate,Static,Static
Elevation_1km,USGS 3DEP / SRTM,https://elevation.nationalmap.gov/arcgis/rest/services/,30 m → 1 km aggregate,Static,Static
Elevation,USGS 3DEP / SRTM,https://elevation.nationalmap.gov/arcgis/rest/services/,30 m → 1 km aggregate,Static,Static
Slope_1km,USGS 3DEP / SRTM,https://elevation.nationalmap.gov/arcgis/rest/services/,30 m → 1 km aggregate,Static,Static
Aspect,USGS 3DEP / SRTM,https://elevation.nationalmap.gov/arcgis/rest/services/,30 m → 1 km aggregate,Static,Static
Slope,USGS 3DEP / SRTM,https://elevation.nationalmap.gov/arcgis/rest/services/,30 m → 1 km aggregate,Static,Static
GHM,UNKNOWN,UNKNOWN — requires manual investigation,UNKNOWN,UNKNOWN,UNKNOWN
TPI,USGS 3DEP / SRTM,https://elevation.nationalmap.gov/arcgis/rest/services/,30 m → 1 km aggregate,Static,Static
TPI_1km,USGS 3DEP / SRTM,https://elevation.nationalmap.gov/arcgis/rest/services/,30 m → 1 km aggregate,Static,Static
TRACT,UNKNOWN,UNKNOWN — requires manual investigation,UNKNOWN,UNKNOWN,UNKNOWN
RPL_THEMES,CDC Social Vulnerability Index (SVI),https://www.atsdr.cdc.gov/placeandhealth/svi/data_documentation_download.html,Census tract,Static (ACS 5-year),5 years
RPL_THEME1,CDC Social Vulnerability Index (SVI),https://www.atsdr.cdc.gov/placeandhealth/svi/data_documentation_download.html,Census tract,Static (ACS 5-year),5 years
EPL_POV,CDC Social Vulnerability Index (SVI),https://www.atsdr.cdc.gov/placeandhealth/svi/data_documentation_download.html,Census tract,Static (ACS 5-year),5 years
EPL_UNEMP,CDC Social Vulnerability Index (SVI),https://www.atsdr.cdc.gov/placeandhealth/svi/data_documentation_download.html,Census tract,Static (ACS 5-year),5 years
EPL_PCI,CDC Social Vulnerability Index (SVI),https://www.atsdr.cdc.gov/placeandhealth/svi/data_documentation_download.html,Census tract,Static (ACS 5-year),5 years
EPL_NOHSDP,CDC Social Vulnerability Index (SVI),https://www.atsdr.cdc.gov/placeandhealth/svi/data_documentation_download.html,Census tract,Static (ACS 5-year),5 years
RPL_THEME2,CDC Social Vulnerability Index (SVI),https://www.atsdr.cdc.gov/placeandhealth/svi/data_documentation_download.html,Census tract,Static (ACS 5-year),5 years
EPL_AGE65,CDC Social Vulnerability Index (SVI),https://www.atsdr.cdc.gov/placeandhealth/svi/data_documentation_download.html,Census tract,Static (ACS 5-year),5 years
EPL_AGE17,CDC Social Vulnerability Index (SVI),https://www.atsdr.cdc.gov/placeandhealth/svi/data_documentation_download.html,Census tract,Static (ACS 5-year),5 years
EPL_DISABL,CDC Social Vulnerability Index (SVI),https://www.atsdr.cdc.gov/placeandhealth/svi/data_documentation_download.html,Census tract,Static (ACS 5-year),5 years
EPL_SNGPNT,CDC Social Vulnerability Index (SVI),https://www.atsdr.cdc.gov/placeandhealth/svi/data_documentation_download.html,Census tract,Static (ACS 5-year),5 years
RPL_THEME3,CDC Social Vulnerability Index (SVI),https://www.atsdr.cdc.gov/placeandhealth/svi/data_documentation_download.html,Census tract,Static (ACS 5-year),5 years
EPL_MINRTY,CDC Social Vulnerability Index (SVI),https://www.atsdr.cdc.gov/placeandhealth/svi/data_documentation_download.html,Census tract,Static (ACS 5-year),5 years
EPL_LIMENG,CDC Social Vulnerability Index (SVI),https://www.atsdr.cdc.gov/placeandhealth/svi/data_documentation_download.html,Census tract,Static (ACS 5-year),5 years
RPL_THEME4,CDC Social Vulnerability Index (SVI),https://www.atsdr.cdc.gov/placeandhealth/svi/data_documentation_download.html,Census tract,Static (ACS 5-year),5 years
EPL_MUNIT,CDC Social Vulnerability Index (SVI),https://www.atsdr.cdc.gov/placeandhealth/svi/data_documentation_download.html,Census tract,Static (ACS 5-year),5 years
EPL_MOBILE,CDC Social Vulnerability Index (SVI),https://www.atsdr.cdc.gov/placeandhealth/svi/data_documentation_download.html,Census tract,Static (ACS 5-year),5 years
EPL_CROWD,CDC Social Vulnerability Index (SVI),https://www.atsdr.cdc.gov/placeandhealth/svi/data_documentation_download.html,Census tract,Static (ACS 5-year),5 years
EPL_NOVEH,CDC Social Vulnerability Index (SVI),https://www.atsdr.cdc.gov/placeandhealth/svi/data_documentation_download.html,Census tract,Static (ACS 5-year),5 years
EPL_GROUPQ,CDC Social Vulnerability Index (SVI),https://www.atsdr.cdc.gov/placeandhealth/svi/data_documentation_download.html,Census tract,Static (ACS 5-year),5 years
road_county_dis,US Census TIGER Road Network,https://www.census.gov/geographies/mapping-files/time-series/geo/tiger-line-file.html,Vector (computed distance),Static,Annual
road_interstate_dis,US Census TIGER Road Network,https://www.census.gov/geographies/mapping-files/time-series/geo/tiger-line-file.html,Vector (computed distance),Static,Annual
road_common_name_dis,US Census TIGER Road Network,https://www.census.gov/geographies/mapping-files/time-series/geo/tiger-line-file.html,Vector (computed distance),Static,Annual
road_other_dis,US Census TIGER Road Network,https://www.census.gov/geographies/mapping-files/time-series/geo/tiger-line-file.html,Vector (computed distance),Static,Annual
road_state_dis,US Census TIGER Road Network,https://www.census.gov/geographies/mapping-files/time-series/geo/tiger-line-file.html,Vector (computed distance),Static,Annual
road_US_dis,US Census TIGER Road Network,https://www.census.gov/geographies/mapping-files/time-series/geo/tiger-line-file.html,Vector (computed distance),Static,Annual
Ecoregion_US_L4CODE,EPA Level-3 Ecoregions / NIFC GACC,https://www.epa.gov/eco-research/ecoregions,Vector polygon,Static,Static
Ecoregion_US_L3CODE,EPA Level-3 Ecoregions / NIFC GACC,https://www.epa.gov/eco-research/ecoregions,Vector polygon,Static,Static
Ecoregion_NA_L3CODE,EPA Level-3 Ecoregions / NIFC GACC,https://www.epa.gov/eco-research/ecoregions,Vector polygon,Static,Static
Ecoregion_NA_L2CODE,EPA Level-3 Ecoregions / NIFC GACC,https://www.epa.gov/eco-research/ecoregions,Vector polygon,Static,Static
Ecoregion_NA_L1CODE,EPA Level-3 Ecoregions / NIFC GACC,https://www.epa.gov/eco-research/ecoregions,Vector polygon,Static,Static
SDI,UNKNOWN,UNKNOWN — requires manual investigation,UNKNOWN,UNKNOWN,UNKNOWN
Annual_etr,UNKNOWN,UNKNOWN — requires manual investigation,UNKNOWN,UNKNOWN,UNKNOWN
Annual_precipitation,NOAA CPC / TerraClimate,https://www.climatologylab.org/terraclimate.html,0.5° / 4 km,Monthly,Monthly
Annual_tempreture,UNKNOWN,UNKNOWN — requires manual investigation,UNKNOWN,UNKNOWN,UNKNOWN
Aridity_index,NOAA CPC / TerraClimate,https://www.climatologylab.org/terraclimate.html,0.5° / 4 km,Monthly,Monthly
Evacuation,FPA-FOD v6 (Post-fire outcome — LEAKAGE),N/A — post-fire only,N/A,Post-fire,Event-based
pr,UNKNOWN,UNKNOWN — requires manual investigation,UNKNOWN,UNKNOWN,UNKNOWN
tmmn,GridMET,https://www.climatologylab.org/wget-gridmet.html,4 km,Daily,Daily
tmmx,GridMET,https://www.climatologylab.org/wget-gridmet.html,4 km,Daily,Daily
rmin,GridMET,https://www.climatologylab.org/wget-gridmet.html,4 km,Daily,Daily
rmax,GridMET,https://www.climatologylab.org/wget-gridmet.html,4 km,Daily,Daily
sph,GridMET,https://www.climatologylab.org/wget-gridmet.html,4 km,Daily,Daily
vs,GridMET,https://www.climatologylab.org/wget-gridmet.html,4 km,Daily,Daily
th,UNKNOWN,UNKNOWN — requires manual investigation,UNKNOWN,UNKNOWN,UNKNOWN
srad,UNKNOWN,UNKNOWN — requires manual investigation,UNKNOWN,UNKNOWN,UNKNOWN
etr,UNKNOWN,UNKNOWN — requires manual investigation,UNKNOWN,UNKNOWN,UNKNOWN
fm100,GridMET,https://www.climatologylab.org/wget-gridmet.html,4 km,Daily,Daily
fm1000,GridMET,https://www.climatologylab.org/wget-gridmet.html,4 km,Daily,Daily
bi,GridMET,https://www.climatologylab.org/wget-gridmet.html,4 km,Daily,Daily
vpd,GridMET,https://www.climatologylab.org/wget-gridmet.html,4 km,Daily,Daily
erc,GridMET,https://www.climatologylab.org/wget-gridmet.html,4 km,Daily,Daily
pr_5D_mean,GridMET,https://www.climatologylab.org/wget-gridmet.html,4 km,Daily,Daily
tmmn_5D_mean,GridMET,https://www.climatologylab.org/wget-gridmet.html,4 km,Daily,Daily
tmmx_5D_mean,GridMET,https://www.climatologylab.org/wget-gridmet.html,4 km,Daily,Daily
rmin_5D_mean,GridMET,https://www.climatologylab.org/wget-gridmet.html,4 km,Daily,Daily
rmax_5D_mean,GridMET,https://www.climatologylab.org/wget-gridmet.html,4 km,Daily,Daily
sph_5D_mean,GridMET,https://www.climatologylab.org/wget-gridmet.html,4 km,Daily,Daily
vs_5D_mean,GridMET,https://www.climatologylab.org/wget-gridmet.html,4 km,Daily,Daily
th_5D_mean,UNKNOWN,UNKNOWN — requires manual investigation,UNKNOWN,UNKNOWN,UNKNOWN
srad_5D_mean,UNKNOWN,UNKNOWN — requires manual investigation,UNKNOWN,UNKNOWN,UNKNOWN
etr_5D_mean,UNKNOWN,UNKNOWN — requires manual investigation,UNKNOWN,UNKNOWN,UNKNOWN
fm100_5D_mean,GridMET,https://www.climatologylab.org/wget-gridmet.html,4 km,Daily,Daily
fm1000_5D_mean,GridMET,https://www.climatologylab.org/wget-gridmet.html,4 km,Daily,Daily
bi_5D_mean,GridMET,https://www.climatologylab.org/wget-gridmet.html,4 km,Daily,Daily
vpd_5D_mean,GridMET,https://www.climatologylab.org/wget-gridmet.html,4 km,Daily,Daily
erc_5D_mean,GridMET,https://www.climatologylab.org/wget-gridmet.html,4 km,Daily,Daily
pr_5D_min,GridMET,https://www.climatologylab.org/wget-gridmet.html,4 km,Daily,Daily
pr_5D_max,GridMET,https://www.climatologylab.org/wget-gridmet.html,4 km,Daily,Daily
tmmn_5D_max,GridMET,https://www.climatologylab.org/wget-gridmet.html,4 km,Daily,Daily
tmmx_5D_max,GridMET,https://www.climatologylab.org/wget-gridmet.html,4 km,Daily,Daily
rmin_5D_min,GridMET,https://www.climatologylab.org/wget-gridmet.html,4 km,Daily,Daily
rmax_5D_min,GridMET,https://www.climatologylab.org/wget-gridmet.html,4 km,Daily,Daily
sph_5D_min,GridMET,https://www.climatologylab.org/wget-gridmet.html,4 km,Daily,Daily
vs_5D_max,GridMET,https://www.climatologylab.org/wget-gridmet.html,4 km,Daily,Daily
th_5D_max,UNKNOWN,UNKNOWN — requires manual investigation,UNKNOWN,UNKNOWN,UNKNOWN
srad_5D_max,UNKNOWN,UNKNOWN — requires manual investigation,UNKNOWN,UNKNOWN,UNKNOWN
etr_5D_max,UNKNOWN,UNKNOWN — requires manual investigation,UNKNOWN,UNKNOWN,UNKNOWN
fm100_5D_min,GridMET,https://www.climatologylab.org/wget-gridmet.html,4 km,Daily,Daily
fm1000_5D_min,GridMET,https://www.climatologylab.org/wget-gridmet.html,4 km,Daily,Daily
bi_5D_max,GridMET,https://www.climatologylab.org/wget-gridmet.html,4 km,Daily,Daily
vpd_5D_max,GridMET,https://www.climatologylab.org/wget-gridmet.html,4 km,Daily,Daily
erc_5D_max,GridMET,https://www.climatologylab.org/wget-gridmet.html,4 km,Daily,Daily
tmmn_Percentile,GridMET,https://www.climatologylab.org/wget-gridmet.html,4 km,Daily,Daily
tmmx_Percentile,GridMET,https://www.climatologylab.org/wget-gridmet.html,4 km,Daily,Daily
sph_Percentile,GridMET,https://www.climatologylab.org/wget-gridmet.html,4 km,Daily,Daily
vs_Percentile,GridMET,https://www.climatologylab.org/wget-gridmet.html,4 km,Daily,Daily
fm100_Percentile,GridMET,https://www.climatologylab.org/wget-gridmet.html,4 km,Daily,Daily
bi_Percentile,GridMET,https://www.climatologylab.org/wget-gridmet.html,4 km,Daily,Daily
vpd_Percentile,GridMET,https://www.climatologylab.org/wget-gridmet.html,4 km,Daily,Daily
erc_Percentile,GridMET,https://www.climatologylab.org/wget-gridmet.html,4 km,Daily,Daily
NDVI-1day,MODIS MOD13A1 (Terra),https://appeears.earthdatacloud.nasa.gov/,500 m,16-day composite,16-day
NDVI_min,MODIS MOD13A1 (Terra),https://appeears.earthdatacloud.nasa.gov/,500 m,16-day composite,16-day
NDVI_max,MODIS MOD13A1 (Terra),https://appeears.earthdatacloud.nasa.gov/,500 m,16-day composite,16-day
NDVI_mean,MODIS MOD13A1 (Terra),https://appeears.earthdatacloud.nasa.gov/,500 m,16-day composite,16-day
CheatGrass,Rangeland Analysis Platform (RAP),https://rangelands.app/products/,30 m,Annual,Annual
ExoticAnnualGrass,Rangeland Analysis Platform (RAP),https://rangelands.app/products/,30 m,Annual,Annual
Medusahead,Rangeland Analysis Platform (RAP),https://rangelands.app/products/,30 m,Annual,Annual
PoaSecunda,Rangeland Analysis Platform (RAP),https://rangelands.app/products/,30 m,Annual,Annual
geometry,UNKNOWN,UNKNOWN — requires manual investigation,UNKNOWN,UNKNOWN,UNKNOWN
source_year,UNKNOWN,UNKNOWN — requires manual investigation,UNKNOWN,UNKNOWN,UNKNOWN
